<ApplicationServerInfos>
	<ApplicationServerInfo>
		<ApplicationServerName>JBossEAP</ApplicationServerName>
		<JNDIPort></JNDIPort>
		<ProviderUrl></ProviderUrl>
		<JndiContextFactory></JndiContextFactory>
		<MiscJndiContextFactory></MiscJndiContextFactory>
		<ContextSuffix></ContextSuffix>
		<QueueConnectionFactory>ConnectionFactory</QueueConnectionFactory>
		<TopicConnectionFactory>ConnectionFactory</TopicConnectionFactory>
		<UrlPackageContext><PrefixName>org.jboss.ejb.client.naming</PrefixName></UrlPackageContext>
	</ApplicationServerInfo>
	<ApplicationServerInfo>
		<ApplicationServerName>WebLogic</ApplicationServerName>
		<JNDIPort>7001</JNDIPort>
		<ProviderUrl>t3://</ProviderUrl>
		<JndiContextFactory>weblogic.jndi.WLInitialContextFactory</JndiContextFactory>
		<MiscJndiContextFactory>weblogic.jndi.WLInitialContextFactory</MiscJndiContextFactory>
		<ContextSuffix></ContextSuffix>
		<QueueConnectionFactory>QueueConnectionFactory/JMSQueueConnectionFactory</QueueConnectionFactory>
		<TopicConnectionFactory>TopicConnectionFactory/JMSTopicConnectionFactory</TopicConnectionFactory>
	</ApplicationServerInfo>
	<ApplicationServerInfo>
		<ApplicationServerName>WebSphere</ApplicationServerName>
		<JNDIPort>2809</JNDIPort>
		<ProviderUrl>corbaloc:iiop:</ProviderUrl>
		<ContextSuffix>NameServiceServerRoot</ContextSuffix>
		<JndiContextFactory>com.sun.jndi.cosnaming.CNCtxFactory</JndiContextFactory>
		<MiscJndiContextFactory>com.ibm.websphere.naming.WsnInitialContextFactory</MiscJndiContextFactory>
		<QueueConnectionFactory>QueueConnectionFactory/JMSQueueConnectionFactory</QueueConnectionFactory>
		<TopicConnectionFactory>TopicConnectionFactory/JMSTopicConnectionFactory</TopicConnectionFactory>
	</ApplicationServerInfo>
	<ApplicationServerInfo>
		<ApplicationServerName>JTS</ApplicationServerName>
		<JNDIPort>3333</JNDIPort>
		<ProviderUrl></ProviderUrl>
		<JndiContextFactory></JndiContextFactory>
		<MiscJndiContextFactory></MiscJndiContextFactory>
		<ContextSuffix></ContextSuffix>
		<QueueConnectionFactory></QueueConnectionFactory>
		<TopicConnectionFactory></TopicConnectionFactory>
	</ApplicationServerInfo>
</ApplicationServerInfos>