<Categories>
	<Category>
		<CategoryName>OmniFlow</CategoryName>
		<AppServerInfo>
			<AppServer>
				<AppServerName>JBoss</AppServerName>
				<LookupName>WFClientServiceHandlerBean</LookupName>
				<URLSuffix></URLSuffix>
			</AppServer>
			<AppServer>
				<AppServerName>JBossEAP</AppServerName>
				<LookupName>ejb:/wfs_ejb/WFClientServiceHandlerBean!com.newgen.omni.jts.txn.WFClientServiceHandlerHome</LookupName>
				<URLSuffix></URLSuffix>
			</AppServer>
			<AppServer>
				<AppServerName>Oracle10G</AppServerName>
				<LookupName>WFClientServiceHandlerBean</LookupName>
				<URLSuffix>wfs_ejb</URLSuffix>
			</AppServer>
			<AppServer>
				<AppServerName>WebSphere</AppServerName>
				<LookupName>WFClientServiceHandlerBean</LookupName>
				<URLSuffix></URLSuffix>
			</AppServer>			
			<AppServer>
				<AppServerName>Sun One</AppServerName>
				<LookupName>WFClientServiceHandlerBean</LookupName>
				<URLSuffix></URLSuffix>
			</AppServer>			
			<AppServer>
				<AppServerName>WebLogic</AppServerName>
				<LookupName>WFClientServiceHandlerBean</LookupName>
				<URLSuffix></URLSuffix>
			</AppServer>			
			<AppServer>
				<AppServerName>JTS</AppServerName>
				<LookupName>WFClientServiceHandlerBean</LookupName>
				<URLSuffix></URLSuffix>
			</AppServer>			
		</AppServerInfo>		
		<ServiceHandlerHome>com.newgen.omni.jts.txn.WFClientServiceHandlerHome</ServiceHandlerHome>
		<ServiceHandlerRemote>com.newgen.omni.jts.txn.WFClientServiceHandler</ServiceHandlerRemote>
		<Transactions>
			<Transaction>WMConnect</Transaction>
			<Transaction>WMConnectExt</Transaction>
			<Transaction>WMDisConnect</Transaction>
			<Transaction>WMPostConnect</Transaction>
			<Transaction>WMPostDisConnect</Transaction>
			<Transaction>WMSetUSerSession</Transaction>
			<Transaction>WMFetchProcessDefinition</Transaction>
			<Transaction>WMFetchProcessDefinitionState</Transaction>
			<Transaction>WMChangeProcessDefinitionState</Transaction>
			<Transaction>WMCreateProcessInstance</Transaction>
			<Transaction>WMStartProcess</Transaction>
			<Transaction>WMTerminateProcessInstance</Transaction>
			<Transaction>WMFetchProcessInstanceState</Transaction>
			<Transaction>WMChangeProcessInstanceState</Transaction>
			<Transaction>WMFetchProcessInstanceAttribute</Transaction>
			<Transaction>WMGetProcessInstanceAttributeValue</Transaction>
			<Transaction>WMAssignProcessInstanceAttribute</Transaction>
			<Transaction>WMFetchProcessInstance</Transaction>
			<Transaction>WMGetProcessInstance</Transaction>
			<Transaction>WMFetchWorkItem</Transaction>
			<Transaction>WMAssignWorkItemAttribute</Transaction>
			<Transaction>WMGetWorkItemAttributeValue</Transaction>
			<Transaction>WMGetWorkItem</Transaction>
			<Transaction>WMFetchWorkItemAttribute</Transaction>
			<Transaction>WMReassignWorkItem</Transaction>
			<Transaction>WMCompleteWorkItem</Transaction>
			<Transaction>WMChangeWorkItemState</Transaction>
			<Transaction>WMFetchWorkItemState</Transaction>
			<Transaction>WMGetWorkItem</Transaction>
			<Transaction>WMFetchWorkItemState</Transaction>
			<Transaction>RegisterProcessDefnition</Transaction>
			<Transaction>GetActivityProperty</Transaction>
			<Transaction>RegisterPS</Transaction>
			<Transaction>CompareLikeObject</Transaction>
			<Transaction>WMGetQueueList</Transaction>
			<Transaction>WMGetUsersInQueue</Transaction>
			<Transaction>WFFetchInstrumentsList</Transaction>
			<Transaction>WMCreateWorkItem</Transaction>
			<Transaction>WMFetchActivityInstanceState</Transaction>
			<Transaction>WMChangeActivityInstanceState</Transaction>
			<Transaction>WMFetchActivityInstanceAttribute</Transaction>
			<Transaction>WMGetActivityInstance</Transaction>
			<Transaction>WMGetActivityInstanceAttributeValue</Transaction>
			<Transaction>WMAssignActivityInstanceAttribute</Transaction>
			<Transaction>WFGetExternalData</Transaction>
			<Transaction>WFSetExternalData</Transaction>
			<Transaction>WMGetNextWorkItem</Transaction>
			<Transaction>WFGetWorkItemScanningInfo</Transaction>
			<Transaction>WFGetDMSFolderDefinition</Transaction>
			<Transaction>WFGetResponseFile</Transaction>
			<Transaction>WFGenerateLog</Transaction>
			<Transaction>WMFetchActivityInstance</Transaction>
			<Transaction>WMChangeQueueProperty</Transaction>
			<Transaction>WMGetProcessList</Transaction>
			<Transaction>WMGetActivityList</Transaction>
			<Transaction>WMGetStreamList</Transaction>
			<Transaction>WMAddQueue</Transaction>
			<Transaction>WMSetTurnAroundTime</Transaction>
			<Transaction>WMGetUserList</Transaction>
			<Transaction>WMChangeActivityInstancesState</Transaction>
			<Transaction>WFSearchWorkItemList</Transaction>
			<Transaction>WFGetQueueProperty</Transaction>
			<Transaction>WFGetStateList</Transaction>
			<Transaction>WFGetExternalInterfaceList</Transaction>
			<Transaction>Exceptions</Transaction>
			<Transaction>Document</Transaction>
			<Transaction>ToDoList</Transaction>
			<Transaction>Action</Transaction>
			<Transaction>FormView</Transaction>
			<Transaction>PrintFaxEmail</Transaction>
			<Transaction>Archive</Transaction>
			<Transaction>WFGetUserQueueDetails</Transaction>
			<Transaction>WFGetUserProperty</Transaction>
			<Transaction>WFSetDiversionforUser</Transaction>
			<Transaction>WFGetDiversionforUser</Transaction>
			<Transaction>WFSetPreferredQueueList</Transaction>
			<Transaction>WFGetPreferredQueueList</Transaction>
			<Transaction>WFGetGroupList</Transaction>
			<Transaction>WFGetRoleList</Transaction>
			<Transaction>WFSetUserWorkAudit</Transaction>
			<Transaction>WFGetUserWorkAudit</Transaction>
			<Transaction>WFGetProcessProperty</Transaction>
			<Transaction>WFGetProcessInfo</Transaction>
			<Transaction>WFGetDynamicConstants</Transaction>
			<Transaction>WFSetDynamicConstants</Transaction>
			<Transaction>WFDeleteQueue</Transaction>
			<Transaction>WFGetWorkItemHistory</Transaction>
			<Transaction>WFGetUserPerformanceLog</Transaction>
			<Transaction>WFGetActivityDelayLog</Transaction>
			<Transaction>WFGetProcessTurnAroundLog</Transaction>
			<Transaction>WFGetProcessDelayLog</Transaction>
			<Transaction>WFGetWorkItemExceptionLog</Transaction>
			<Transaction>WFGetExpiredWorkItemLog</Transaction>
			<Transaction>WFGetProcessLoadHistory</Transaction>
			<Transaction>WFGetQueueLoadHistory</Transaction>
			<Transaction>WFGetProcessLog</Transaction>
			<Transaction>WFGetProcessDefinition</Transaction>
			<Transaction>WFGetProcessVariables</Transaction>
			<Transaction>WFGetPreferences</Transaction>
			<Transaction>WFSetPreferences</Transaction>
			<Transaction>WFGetWorkAuditHistory</Transaction>
			<Transaction>WFGetProcessData</Transaction>
			<Transaction>WMUnlockWorkItem</Transaction>
			<Transaction>WFSetAttributes</Transaction>
			<Transaction>WFSetParentWorkitem</Transaction>
			<Transaction>WFGetRelatedWorkitems</Transaction>
			<Transaction>WFGetVariableMapping</Transaction>
			<Transaction>WFSetVariableMapping</Transaction>
			<Transaction>WFGetNextUnlockedWorkitem</Transaction>
			<Transaction>WFGetTempQueueAssignmentReport</Transaction>
			<Transaction>WFGetUserDiversionReport</Transaction>
			<Transaction>WFGetIdforName</Transaction>
			<Transaction>WFLinkWorkitem</Transaction>
			<Transaction>WFSetQuickSearchVariables</Transaction>
			<Transaction>WFGetQuickSearchVariables</Transaction>
			<Transaction>WFGetLinkedWorkitems</Transaction>
			<Transaction>WFDeleteWorkItem</Transaction>
			<Transaction>WFPurgeWorkItem</Transaction>
			<Transaction>WMSearchWorkItems</Transaction>
			<Transaction>WMSetUserSession</Transaction>
			<Transaction>WMFetchProcessDefinitions</Transaction>
			<Transaction>WMFetchProcessDefinitionStates</Transaction>
			<Transaction>WMFetchProcessInstanceAttributes</Transaction>
			<Transaction>WMFetchProcessInstances</Transaction>
			<Transaction>WMFetchActivityInstanceStates</Transaction>
			<Transaction>WMFetchActivityInstanceAttributes</Transaction>
			<Transaction>WMFetchActivityInstances</Transaction>
			<Transaction>WMFetchWorkItems</Transaction>
			<Transaction>WMFetchWorkItemStates</Transaction>
			<Transaction>WMFetchWorkItemAttributes</Transaction>
			<Transaction>WMAssignWorkItemAttributes</Transaction>
			<Transaction>WMFetchWorkList</Transaction>
			<Transaction>WFFetchWorkItemsWithLock</Transaction>
			<Transaction>WMFetchActivityInstances</Transaction>
			<Transaction>RegisterService</Transaction>
			<Transaction>UnRegisterService</Transaction>
			<Transaction>WFGetProcessMapping</Transaction>
			<Transaction>WFGetApplicationList</Transaction>
			<Transaction>WFGetNextUnlockedWorkItemforMail</Transaction>
			<Transaction>WFGetNextWorkitemforPrintFaxMail</Transaction>
			<Transaction>WFGetNextWorkitemforArchive</Transaction>
			<Transaction>WMChangeProcessInstancesState</Transaction>
			<Transaction>WMTerminateProcessInstances</Transaction>
			<Transaction>WMAbortProcessInstances</Transaction>
			<Transaction>WMAssignActivityInstancesAttribute</Transaction>
			<Transaction>WMFetchProcessInstanceStates</Transaction>
			<Transaction>WFLoadBalance</Transaction>
			<Transaction>WFCheckExpiry</Transaction>
			<Transaction>WFUpdateCache</Transaction>
			<Transaction>WFReferWorkItem</Transaction>
			<Transaction>WFWithdrawWorkitem</Transaction>
			<Transaction>WFSetReminders</Transaction>
			<Transaction>WFGetReminders</Transaction>
			<Transaction>WFPurgeLog</Transaction>
			<Transaction>WFParticipantReport</Transaction>
			<Transaction>WFProcessingtimeReport</Transaction>
			<Transaction>WMAssignProcessInstancesAttribute</Transaction>
			<Transaction>WFPickList</Transaction>
			<Transaction>WFGetWorkitemData</Transaction>
			<Transaction>WFAddToMailQueue</Transaction>
			<Transaction>WFGetMailQueueItem</Transaction>
			<Transaction>WFMailQueueItemSuccess</Transaction>
			<Transaction>WFMailQueueItemFail</Transaction>
			<Transaction>WFMailQueueItemChangePriority</Transaction>
			<Transaction>WFMailQueueUnlockAll</Transaction>
			<Transaction>WFSearchMailQueue</Transaction>
			<Transaction>WFGetUsersForRole</Transaction>
			<Transaction>WFGetNextMessage</Transaction>
			<Transaction>WFProcessNextMessage</Transaction>
			<Transaction>WFProcessMessage</Transaction>
			<Transaction>WFUploadWorkItem</Transaction>
			<Transaction>WFCompleteWithSet</Transaction>
			<Transaction>WFGetHistory</Transaction>
			<Transaction>WFExecuteExtMethod</Transaction>
			<Transaction>WFValidateExtMethod</Transaction>
			<Transaction>WFGetNextWorkitemforPublish</Transaction>
			<Transaction>WFGetListOfJMSDestinations</Transaction>
			<Transaction>WFGetNextJMSMessage</Transaction>
			<Transaction>WFGetSubscribeActivityProperties</Transaction>
			<Transaction>WFGetPublishActivityProperties</Transaction>
			<Transaction>WFInvokeWebService</Transaction>
			<Transaction>WFGetActionList</Transaction>
			<Transaction>WFSetActionList</Transaction>
			<Transaction>WFFetchWorkItemCount</Transaction>
			<Transaction>WMChangeQueuePropertyEx</Transaction>
			<Transaction>WFGetCalendarList</Transaction>
			<Transaction>WFGetCalendarData</Transaction>
			<Transaction>WFSetCalendarData</Transaction>
			<Transaction>WFCompileScript</Transaction>
			<Transaction>WFGetWorkitemDataExt</Transaction>
			<Transaction>WFFetchProcessDefinition</Transaction>
			<Transaction>WFNextDate</Transaction>
			<Transaction>WFEncryptData</Transaction>
			<Transaction>WFDecryptData</Transaction>
			<Transaction>WFGetRoutingInfo</Transaction>
			<Transaction>WFSetRoutingInfo</Transaction>
			<Transaction>WFGetNextRecordForExport</Transaction>
			<Transaction>WFSetRecordStatusForExport</Transaction>
			<Transaction>WFGetServerProperty</Transaction>
			<Transaction>WFSetServerProperty</Transaction>
			<Transaction>WFGetAuthorizationList</Transaction>
			<Transaction>WFCompleteAuthorization</Transaction>
			<Transaction>WFWSDLParser</Transaction>
			<Transaction>WFRAMLParser</Transaction>
			<Transaction>WFWSDL2Java</Transaction>
			<Transaction>WFGetProcessVariablesExt</Transaction>
			<Transaction>WFCreateWebServices</Transaction>
			<Transaction>WFGetAuthorizationList</Transaction>
			<Transaction>WFCompleteAuthorization</Transaction>
			<Transaction>WFSetAssociatedURL</Transaction>
			<Transaction>WFGetSearchCriteria</Transaction>
			<Transaction>WFGetProxyInfo</Transaction>
			<Transaction>WFSetProxyInfo</Transaction>
			<Transaction>WFSplitWorkitemOnEvent</Transaction>
			<Transaction>WFProcessWebServiceResponse</Transaction>
			<Transaction>WFSAPGetFunModList</Transaction>
			<Transaction>WFSAPGetFunParamDetail</Transaction>
			<Transaction>WFSAPGetBusinessObjectList</Transaction>
			<Transaction>WFSAPGetBusinessObjectABAPFunList</Transaction>
			<Transaction>WFSAPInvokeFunction</Transaction>
			<Transaction>WFSetSAPConnectData</Transaction>
			<Transaction>WFGetSAPConnectData</Transaction>
			<Transaction>WFSAPTestCredentials</Transaction>
			<Transaction>WFCreateWebservicesExt</Transaction>
			<Transaction>WFUpdateRoutingInfo</Transaction>
			<Transaction>WFGetServerTimeZone</Transaction>
			<Transaction>WFGetExtInterfaceRules</Transaction>
			<Transaction>WMUnAssignWorkitem</Transaction>
			<Transaction>WFAddCalendar</Transaction>
			<Transaction>WFGetColumnListForTable</Transaction>
			<Transaction>WFGetNextUnlockedRowFromTable</Transaction>
			<Transaction>WFMoveRowToHistoryTable</Transaction>
			<Transaction>WFMoveDataToTable</Transaction>
			<Transaction>WFMoveFailedDataToTable</Transaction>
			<Transaction>WFSetStatusForFile</Transaction>
			<Transaction>WFIsSessionValid</Transaction>
			<Transaction>WFSetSourceCabinetInfo</Transaction>
			<Transaction>WFGetSourceCabinetInfo</Transaction>
			<Transaction>WFCheckPurgeUserSession</Transaction>
			<Transaction>WFGetExportPurgeCriteria</Transaction>
			<Transaction>WFSetExportPurgeCriteria</Transaction>
			<Transaction>WFGetExportCabinetInfo</Transaction>
			<Transaction>WFSetExportCabinetInfo</Transaction>
			<Transaction>WFGetStatusForFile</Transaction>
			<Transaction>WFGetFragmentInfo</Transaction>
			<Transaction>WFTMSGetRequestIds</Transaction>			
			<Transaction>WFTMSTransportData</Transaction>			
			<Transaction>WFTMSBaselineOperations</Transaction>
			<Transaction>WFTMSRegisterTransportInfo</Transaction>
			<Transaction>WFTMSUnregisterTransportInfo</Transaction>
			<Transaction>WFTMSGetTransportInfo</Transaction>
			<Transaction>WFTMSProcessRegisteration</Transaction>
			<Transaction>WFUpdateTemplateDefinition</Transaction>
			<Transaction>WFUpdateMailTrigger</Transaction>
			<Transaction>WFSetExternalInterfaceAssociation</Transaction>
			<Transaction>WFSetExternalInterfaceMetadata</Transaction>
			<Transaction>WFSetExternalInterfaceRules</Transaction>			
			<Transaction>WFGetLastExportFileTime</Transaction>
			<Transaction>WFCheckLastExportFileExistence</Transaction>
			<Transaction>WMSearchForRegeneration</Transaction>
			<Transaction>WMRegenerateCSV</Transaction>
			<Transaction>WMPurgeCSV</Transaction>
			<Transaction>WFGetBPELProcessDefinition</Transaction>			
            <Transaction>WFGetWSDLList</Transaction>
			<Transaction>WFSetWSDLInfo</Transaction>
			<Transaction>WFGetBPELProcessDefinition</Transaction>
			<Transaction>WFGetRandomNumberForSampling</Transaction>	
			<Transaction>WFGetWSDLList</Transaction>
			<Transaction>WFSetWSDLInfo</Transaction>
			<Transaction>WFSetLogLevel</Transaction>
			<Transaction>WFRegisterProcess</Transaction>
			<Transaction>WFCheckOutProcess</Transaction>
			<Transaction>WFUnRegisterProcess</Transaction>
			<Transaction>WFUndoCheckOutProcess</Transaction>
			<Transaction>WFCheckInProcess</Transaction>
			<Transaction>WFUpdateVarAlias</Transaction>
			<Transaction>WFResolveQueueConflict</Transaction>
			<Transaction>WFSetWorkdeskLayout</Transaction>
			<Transaction>WFGetWorkdeskLayout</Transaction>
			<Transaction>WFAddProfile</Transaction>
			<Transaction>WFChangeProfileProperty</Transaction>
			<Transaction>WFDeleteProfile</Transaction>
			<Transaction>WFGetProfileList</Transaction>
			<Transaction>WFFetchObjectTypeList</Transaction>
			<Transaction>WFGetAssociatedObjectList</Transaction>
			<Transaction>WFGetObjectList</Transaction>
			<Transaction>WFFetchProfileProperty</Transaction>
			<Transaction>WFAssociateProfilesWithUser</Transaction>
			<Transaction>WFAssociateObjectsWithUser</Transaction>
			<Transaction>WFGetUserObjTypeAssociation</Transaction>
			<Transaction>WFGetRights</Transaction>
			<Transaction>WFReturnRightsForObjectType</Transaction>	
			<Transaction>WFAddFolder</Transaction>
			<Transaction>WFGetDocumentList</Transaction>	
			<Transaction>WFGetDocLibraryInfo</Transaction>
			<Transaction>WFSetDocLibraryInfo</Transaction>
			<Transaction>WFGetSharePointInfo</Transaction>			
			<Transaction>WFSetSharePointInfo</Transaction>
			<Transaction>WFGetUnderlyingdDMS</Transaction>
			<Transaction>WFGetLibraryAssociation</Transaction>
			<Transaction>WFGetSharePointDataMapping</Transaction>			
			<Transaction>WFUpdateDocumentMetaData</Transaction>
			<Transaction>WFGetSharePointMetaDataInfo</Transaction>
			<Transaction>WFGetNextWorkitemforSharepoint</Transaction>
			<Transaction>WFAssociateObjectTypeWithUser</Transaction>
			<Transaction>WFGetQueuePropertyEx</Transaction>
			<Transaction>WFUnRegisterProject</Transaction>
			<Transaction>WFGetProcessVariantList</Transaction>
			<Transaction>WFCreateProcessVariant</Transaction>
			<Transaction>WFGetProcessVariantInfo</Transaction>
			<Transaction>WFDeleteProcessVariant</Transaction>
			<Transaction>WFChangeProcessVariantState</Transaction>
			<Transaction>WFModifyProcessVariant</Transaction>
			<Transaction>WFMoveFailedDataToTable</Transaction>
			<Transaction>WFCheckLastExportFileExistence</Transaction>
			<Transaction>WFGetAttributeMessage</Transaction>			
			<Transaction>WFUpdateBRTConfiguration</Transaction>
			<Transaction>WFGetBRTConfiguration</Transaction>
			<Transaction>WFFetchExpertiseList</Transaction>
			<Transaction>WFSaveExpertise</Transaction>			
			<Transaction>WFSaveUserRating</Transaction>
			<Transaction>WFGetRatingDetails</Transaction>
			<Transaction>WFRegisterService</Transaction>
			<Transaction>WFUnregisterService</Transaction>
			<Transaction>WFGetRegisteredService</Transaction>
			<Transaction>WFChangeServiceProperties</Transaction>
			<Transaction>WFGetServiceProperty</Transaction>
			<Transaction>WFSetSystemProperties</Transaction>
			<Transaction>WFGetSystemProperties</Transaction>
			<Transaction>WFGetObjectProperty</Transaction>
			<Transaction>WFSetObjectProperty</Transaction>
			<Transaction>WFSetMultiLingual</Transaction>
			<Transaction>WFGetMultiLingualDefinition</Transaction>
			<Transaction>WFGetMultiLingual</Transaction>
			<Transaction>WFGetData</Transaction>
			<Transaction>WFSetData</Transaction>
			<Transaction>WFSearchWorkItemsExt</Transaction>
			<Transaction>WFSetAttributesExt</Transaction>
			<Transaction>WFUploadWorkItemExt</Transaction>
			<Transaction>WFFetchWorkItemsExt</Transaction>
			<Transaction>WFUpdateBRTConfiguration</Transaction>
			<Transaction>WFGetBRTConfiguration</Transaction>
			<Transaction>WFGetTaskList</Transaction>
			<Transaction>WFGetTasksForUser</Transaction>
			<Transaction>WFGetTaskPropertyAssociation</Transaction>
			<Transaction>WFRevokeTask</Transaction>
			<Transaction>WFGetTemplateList</Transaction>
			<Transaction>WFGetTemplateField</Transaction>
			<Transaction>WFAddTask</Transaction>
			<Transaction>WFInitiateTask</Transaction>
			<Transaction>WFGetTemplateForTask</Transaction>
			<Transaction>WFGetTaskHistory</Transaction>
			<Transaction>WFGetTaskListForCalendar</Transaction>
			<Transaction>WFHandleEvent</Transaction>
			<Transaction>WFGetMonthEvents</Transaction>
			<Transaction>WFFetchCaseWorkItems</Transaction>
			<Transaction>WFGetHoldEvents</Transaction>
			<Transaction>WFHoldWorkitem</Transaction>
			<Transaction>WFUnholdWorkitem</Transaction>
			<Transaction>WFCheckReminder</Transaction>
			<Transaction>WFGetFormBuffer</Transaction>
			<Transaction>WFCompleteTask</Transaction>
			<Transaction>WFChangeTaskPriorityStatus</Transaction>
			<Transaction>WFChangeTaskReadStatus</Transaction>
			<Transaction>WFGetCaseDataVariableMapping</Transaction>
			<Transaction>WFSetCaseDataVariableMapping</Transaction>
			<Transaction>WFGetParentWIInfo</Transaction>
			<Transaction>WFPopulateAuditTrailList</Transaction>
			<Transaction>WFGetNextWorkitemforArchiveAudit</Transaction>
			<Transaction>WFCompleteWorkitemforArchiveAudit</Transaction>
			<Transaction>WFDeleteWorkitemHistory</Transaction>
			<Transaction>WFGetAttributeMessage</Transaction>
			<Transaction>WMSetProcessContext</Transaction>
			<Transaction>WMCreateChildWorkItem</Transaction>
			<Transaction>WMDeleteChildWorkItem</Transaction>
			<Transaction>WFCheckLastUploadFileStatus</Transaction>
			<Transaction>WFMoveFailRecordToTable</Transaction>
			<Transaction>WFSetAndCompleteWorkItem</Transaction>
			<Transaction>WFGetFormBuffer</Transaction>
			<Transaction>WFUpgradeCustomUploadTable</Transaction>
			<Transaction>WFChangeWorkItemPriority</Transaction>
			<Transaction>WFGetSystemVariableList</Transaction>
			<Transaction>WFChangeProcessName</Transaction>
			<Transaction>WFGetSuspendedWorkItem</Transaction>
			<Transaction>WFResumeSuspendedWorkItem</Transaction>
			<Transaction>WFSuspendWorkitem</Transaction>
			<Transaction>WFGetUtilityListForSuspension</Transaction>
			<Transaction>WFChangeActivityName</Transaction>
			<Transaction>WFBulkLockWorkitem</Transaction>
			<Transaction>WFReassignTask</Transaction>
			<Transaction>WFGetCaseSummaryReport</Transaction>
			<Transaction>WFGetNextWorkitemforCaseSummary</Transaction>
			<Transaction>WFSetCaseInfoVariables</Transaction>
			<Transaction>WFGetCaseInfoVariables</Transaction>
			<Transaction>WFChangeTaskProperty</Transaction>
			<Transaction>WFSetCaseDocumentStatus</Transaction>
			<Transaction>WFInitiateProcessTask</Transaction>
			<Transaction>WFCaseSummaryQueueItemSuccess</Transaction>
			<Transaction>WFCaseSummaryQueueItemFail</Transaction>
			<Transaction>WFSetTaskUserGroup</Transaction>
			<Transaction>WFGetTaskUserGroup</Transaction>
			<Transaction>WFSetCasePreferences</Transaction>
			<Transaction>WFGetCasePreferences</Transaction>
			<Transaction>WFGenEmailReport</Transaction>
			<Transaction>WFGenerateCaseSummaryReport</Transaction>
			<Transaction>WFDeclineTask</Transaction>
			<Transaction>WFGetProcessVariablesList</Transaction>
			<Transaction>WFChangeActivityName</Transaction>
			<Transaction>WFGetResourceDefinition</Transaction>
			<Transaction>WFSetResourceDefinition</Transaction>
			<Transaction>WFCheckRestAssociation</Transaction>
			<Transaction>WFGetVarAliasMappingOnQueue</Transaction>
		</Transactions>
	</Category>
	<Category>
		<CategoryName>ofme</CategoryName>
		<AppServerInfo>
			<AppServer>
				<AppServerName>JBoss</AppServerName>
				<LookupName>OFMEClientServiceHandlerBean</LookupName>
				<URLSuffix></URLSuffix>
			</AppServer>
			<AppServer>
				<AppServerName>JBossEAP</AppServerName>
			    <LookupName>ejb:/ofme_ejb/OFMEClientServiceHandlerBean!com.newgen.omni.jts.txn.OFMEClientServiceHandlerHome</LookupName>
				<URLSuffix></URLSuffix>
			</AppServer>
			<AppServer>
				<AppServerName>Oracle10G</AppServerName>
				<LookupName>OFMEClientServiceHandlerBean</LookupName>
				<URLSuffix>ofme_ejb</URLSuffix>
			</AppServer>
			<AppServer>
				<AppServerName>WebSphere</AppServerName>
				<LookupName>OFMEClientServiceHandlerBean</LookupName>
				<URLSuffix></URLSuffix>
			</AppServer>			
			<AppServer>
				<AppServerName>Sun One</AppServerName>
				<LookupName>OFMEClientServiceHandlerBean</LookupName>
				<URLSuffix></URLSuffix>
			</AppServer>			
			<AppServer>
				<AppServerName>WebLogic</AppServerName>
				<LookupName>OFMEClientServiceHandlerBean</LookupName>
				<URLSuffix></URLSuffix>
			</AppServer>			
			<AppServer>
				<AppServerName>JTS</AppServerName>
				<LookupName>OFMEClientServiceHandlerBean</LookupName>
				<URLSuffix></URLSuffix>
			</AppServer>			
		</AppServerInfo>		
		<ServiceHandlerHome>com.newgen.omni.jts.txn.OFMEClientServiceHandlerHome</ServiceHandlerHome>
		<ServiceHandlerRemote>com.newgen.omni.jts.txn.OFMEClientServiceHandler</ServiceHandlerRemote>
		<Transactions>
			<Transaction>OFMECompleteWorkItem</Transaction>
			<Transaction>OFMEConnect</Transaction>
			<Transaction>OFMECreateProcessInstance</Transaction>
			<Transaction>OFMEDeleteWorkItem</Transaction>
			<Transaction>OFMEDisconnect</Transaction>
			<Transaction>OFMEGetProcessList</Transaction>
			<Transaction>OFMEGetQueueList</Transaction>
			<Transaction>OFMEGetReminders</Transaction>
			<Transaction>OFMEGetUserList</Transaction>
			<Transaction>OFMEGetWorkItem</Transaction>
			<Transaction>OFMEGetWorkItemDataExt</Transaction>
			<Transaction>OFMEReassignWorkItem</Transaction>
			<Transaction>OFMEReferWorkItem</Transaction>
			<Transaction>OFMESetAttributes</Transaction>
			<Transaction>OFMESetDiversionforUser</Transaction>
			<Transaction>OFMESetExternalData</Transaction>
			<Transaction>OFMESetReminders</Transaction>
			<Transaction>OFMEStartProcess</Transaction>
			<Transaction>OFMEUnlockWorkItem</Transaction>
			<Transaction>OFMEWithdrawWorkitem</Transaction>
			<Transaction>OFMEFetchWorkList</Transaction> 
			<Transaction>OFMEGetDiversionforUser</Transaction> 
			<Transaction>OFMEGetExternalData</Transaction> 
			<Transaction>OFMEFetchWorkItemCount</Transaction> 
			<Transaction>OFMESearchWorkItems</Transaction>
			<Transaction>OFMEGetQueueProperty</Transaction>
			<Transaction>OFMEGetQuickSearchVariables</Transaction>
			<Transaction>OFMEGetWorkItemHistory</Transaction>
			<Transaction>OFMEGetNextUnlockedWorkItem</Transaction>
			<Transaction>OFMEAddToMailQueue</Transaction>
			<Transaction>OFMEGetGroupList</Transaction>
			<Transaction>OFMEUnAssignWorkitem</Transaction>
			<Transaction>OFMEGetAttributeMessage</Transaction>
			<Transaction>OFMEGetProcessVariablesExt</Transaction>
			<Transaction>OFMEGetVariableMapping</Transaction>
			<Transaction>OFMEGetObjectProperty</Transaction>
			<Transaction>OFMEGetExtInterfaceRules</Transaction>
			<Transaction>OFMEHoldWorkitem</Transaction>
			<Transaction>OFMEUnholdWorkitem</Transaction>
			<Transaction>OFMEGetActivityList</Transaction>
			<Transaction>OFMEGetLinkedWorkitems</Transaction>
			<Transaction>OFMELinkWorkitem</Transaction>
			<Transaction>OFMEGetRights</Transaction>
			<Transaction>OFMEGetFormBuffer</Transaction>
			<Transaction>OFMEGetTasksForUser</Transaction>
			<Transaction>OFMEFetchCaseWorkItems</Transaction>
			<Transaction>OFMEGetTaskList</Transaction>
			<Transaction>OFMEGetWorkitemData</Transaction>
			<Transaction>OFMEAssignWorkItemAttributes</Transaction>
			<Transaction>OFMECompleteTask</Transaction>
			<Transaction>OFMEInitiateTask</Transaction>
			<Transaction>OFMEGetCaseInfoVariables</Transaction>
			<Transaction>OFMEGetTaskPropertyAssociation</Transaction>
			<Transaction>OFMEChangeTaskPriorityStatus</Transaction>
			<Transaction>OFMEChangeTaskReadStatus</Transaction>
			<Transaction>OFMEFetchExpertiseList</Transaction>
			<Transaction>OFMEGetDynamicConstants</Transaction>
			<Transaction>OFMEGetMonthEvents</Transaction>
			<Transaction>OFMEGetTemplateField</Transaction>
			<Transaction>OFMEChangeTaskProperty</Transaction>
			<Transaction>OFMEGenerateLog</Transaction>
			<Transaction>OFMEGetTaskHistory</Transaction>
			<Transaction>OFMEAddTask</Transaction>
			<Transaction>OFMEDeclineTask</Transaction>
			<Transaction>OFMERevokeTask</Transaction>
			<Transaction>OFMEGetTemplateForTask</Transaction>
			<Transaction>OFMEReassignTask</Transaction>
			<Transaction>OFMEGetTemplateList</Transaction>
			<Transaction>OFMEGetTaskListForCalendar</Transaction>
			<Transaction>OFMEHandleEvent</Transaction>		
			<Transaction>OFMEGetProcessVariablesList</Transaction>
			<Transaction>OFMEInitiateProcessTask</Transaction>			
			<Transaction>OFMEGenerateCaseSummaryReport</Transaction>			
		</Transactions>
	</Category>
	<Category>
		<CategoryName>OmniDocs</CategoryName>
		<AppServerInfo>
			<AppServer>
				<AppServerName>JBoss</AppServerName>
				<LookupName>com.newgen.omni.jts.txn.NGOClientServiceHandlerHome</LookupName>
				<URLSuffix></URLSuffix>
			</AppServer>
			<AppServer>
				<AppServerName>JBossEAP</AppServerName>
				<LookupName>ejb:omnidocs_ejb/omnidocs_ejb/NGOClientServiceHandlerBean!com.newgen.omni.jts.txn.NGOClientServiceHandlerHome</LookupName>
				<URLSuffix></URLSuffix>
			</AppServer>
			<AppServer>
				<AppServerName>Oracle10G</AppServerName>
				<LookupName>com.newgen.omni.jts.txn.NGOClientServiceHandlerHome</LookupName>
				<URLSuffix>omnidocs_ejb</URLSuffix>
			</AppServer>
			<AppServer>
				<AppServerName>WebSphere</AppServerName>
				<LookupName>com\.newgen\.omni\.jts\.txn\.NGOClientServiceHandlerHome</LookupName>
				<URLSuffix></URLSuffix>
			</AppServer>			
			<AppServer>
				<AppServerName>Sun One</AppServerName>
				<LookupName>com.newgen.omni.jts.txn.NGOClientServiceHandlerHome</LookupName>
				<URLSuffix></URLSuffix>
			</AppServer>			
			<AppServer>
				<AppServerName>WebLogic</AppServerName>
				<LookupName>com.newgen.omni.jts.txn.NGOClientServiceHandlerHome</LookupName>
				<URLSuffix></URLSuffix>
			</AppServer>			
			<AppServer>
				<AppServerName>JTS</AppServerName>
				<LookupName>com.newgen.omni.jts.txn.NGOClientServiceHandlerHome</LookupName>
				<URLSuffix></URLSuffix>
			</AppServer>			
		</AppServerInfo>				
		<ServiceHandlerHome>com.newgen.omni.jts.txn.NGOClientServiceHandlerHome</ServiceHandlerHome>
		<ServiceHandlerRemote>com.newgen.omni.jts.txn.NGOClientServiceHandler</ServiceHandlerRemote>
		<Transactions>
			<Transaction>NGOCloseConnection</Transaction>
			<Transaction>NGOGetListOfCabinets</Transaction>
			<Transaction>NGOGetServerDateTime</Transaction>
			<Transaction>NGOGetBinaryDataFromFile</Transaction>
			<Transaction>NGODeleteFile</Transaction>
			<Transaction>NGOFetchAuditTrail</Transaction>
			<Transaction>NGOGenerateAuditTrail</Transaction>
			<Transaction>NGOAcknowledgeAlarms</Transaction>
			<Transaction>NGOAddaMemberToGroups</Transaction>
			<Transaction>NGOAddAnnotation</Transaction>
			<Transaction>NGOAddAttachment</Transaction>
			<Transaction>NGOAddDataDefinition</Transaction>
			<Transaction>NGOAddDocument</Transaction>
			<Transaction>NGOGetUserLicenseInfo</Transaction>
			<Transaction>NGOProcessUserLicense</Transaction>
			<Transaction>NGOAddFolder</Transaction>
			<Transaction>NGOAddGlobalIndex</Transaction>
			<Transaction>NGOAddGlobalIndexToDocument</Transaction>
			<Transaction>NGOAddGroup</Transaction>
			<Transaction>NGOAddKeywords</Transaction>
			<Transaction>NGOAddKeywordsToDoc</Transaction>
			<Transaction>NGOAddMemberToGroup</Transaction>
			<Transaction>NGOAddUser</Transaction>
			<Transaction>NGOChangeCabinetProperty</Transaction>
			<Transaction>NGOChangeDataDefinition</Transaction>
			<Transaction>NGOChangeDocumentOrder</Transaction>
			<Transaction>NGOChangeDocumentProperty</Transaction>
			<Transaction>NGOChangeFolderProperty</Transaction>
			<Transaction>NGOChangeGlobalIndex</Transaction>
			<Transaction>NGOChangeGroupProperty</Transaction>
			<Transaction>NGOChangeKeywords</Transaction>
			<Transaction>NGOChangeUserProperty</Transaction>
			<Transaction>NGOCheckinCheckoutExt</Transaction>
			<Transaction>NGOConnectCabinet</Transaction>
			<Transaction>NGOCopyDocument</Transaction>
			<Transaction>NGOCopyDocumentExt</Transaction>
			<Transaction>NGOCopyFolder</Transaction>
			<Transaction>NGOCreateDocumentVersion</Transaction>
			<Transaction>NGOCreateReferences</Transaction>
			<Transaction>NGODeleteAlarms</Transaction>
			<Transaction>NGODeleteAnnotation</Transaction>
			<Transaction>NGODeleteAttachment</Transaction>
			<Transaction>NGODeleteDataDefinition</Transaction>
			<Transaction>NGODeleteDocument</Transaction>
			<Transaction>NGODeleteDocumentExt</Transaction>
			<Transaction>NGODeleteDocumentVersion</Transaction>
			<Transaction>NGODeleteFolder</Transaction>
			<Transaction>NGODeleteGroup</Transaction>
			<Transaction>NGODeleteKeywords</Transaction>
			<Transaction>NGODeleteKeywordsFromDoc</Transaction>
			<Transaction>NGODeleteMemberFromGroup</Transaction>
			<Transaction>NGODeleteReferences</Transaction>
			<Transaction>NGODeleteReminder</Transaction>
			<Transaction>NGODeleteUser</Transaction>
			<Transaction>NGODisconnectCabinet</Transaction>
			<Transaction>NGOFetchLog</Transaction>
			<Transaction>NGOGetAlarmReminderCount</Transaction>
			<Transaction>NGOGetAlarms</Transaction>
			<Transaction>NGOGetAlarmsForMail</Transaction>
			<Transaction>NGOGetAllAlarms</Transaction>
			<Transaction>NGOGetAllKeyWordFromDict</Transaction>
			<Transaction>NGOGetAllKeyWordFromDictExt</Transaction>
			<Transaction>NGOGetAncestorList</Transaction>
			<Transaction>NGOGetAnnotationGroupList</Transaction>
			<Transaction>NGOGetAnnotationGroupProperty</Transaction>
			<Transaction>NGOGetAttachment</Transaction>
			<Transaction>NGOGetDataDefIdForName</Transaction>
			<Transaction>NGOGetDataDefListExt</Transaction>
			<Transaction>NGOGetDataDefProperty</Transaction>
			<Transaction>NGOGetDocStatusCount</Transaction>
			<Transaction>NGOGetDocumentListExt</Transaction>
			<Transaction>NGOGetDocumentProperty</Transaction>
			<Transaction>NGOGetFolderIdForName</Transaction>
			<Transaction>NGOGetFolderListExt</Transaction>
			<Transaction>NGOGetFolderProperty</Transaction>
			<Transaction>NGOGetGlobalIndexList</Transaction>
			<Transaction>NGOGetGroupListExt</Transaction>
			<Transaction>NGOGetGroupProperty</Transaction>
			<Transaction>NGOGetIDFromName</Transaction>
			<Transaction>NGOGetKeywordsList</Transaction>
			<Transaction>NGOGetLinkedObjectList</Transaction>
			<Transaction>NGOGetListOfLogInUser</Transaction>
			<Transaction>NGOGetNextThumbNailDoc</Transaction>
			<Transaction>NGOGetPendingReminders</Transaction>
			<Transaction>NGOGetRemindersForMail</Transaction>
			<Transaction>NGOGetRights</Transaction>
			<Transaction>NGOGetShortUserProperty</Transaction>
			<Transaction>NGOGetThumbnail</Transaction>
			<Transaction>NGOGetUserListExt</Transaction>
			<Transaction>NGOGetUserProperty</Transaction>
			<Transaction>NGOGetVersionList</Transaction>
			<Transaction>NGOModifyDocumentVersion</Transaction>
			<Transaction>NGOModifyGlobalIndexToDocument</Transaction>
			<Transaction>NGOMoveDocumentExt</Transaction>
			<Transaction>NGOMoveFolder</Transaction>
			<Transaction>NGOMoveReferences</Transaction>
			<Transaction>NGOPickList</Transaction>
			<Transaction>NGOPickListExt</Transaction>
			<Transaction>NGOPostDocument</Transaction>
			<Transaction>NGOProcessLocks</Transaction>
			<Transaction>NGOPurgeLog</Transaction>
			<Transaction>NGORegisterOmniTrack</Transaction>
			<Transaction>NGORegisterUser</Transaction>
			<Transaction>NGOSearchDocumentExt</Transaction>
			<Transaction>NGOSearchFolder</Transaction>
			<Transaction>NGOSetACL</Transaction>
			<Transaction>NGOSetAlarms</Transaction>
			<Transaction>NGOSetAnnotations</Transaction>
			<Transaction>NGOSetAsLatestVersion</Transaction>
			<Transaction>NGOSetReminder</Transaction>
			<Transaction>NGOSetRights</Transaction>
			<Transaction>NGOSetThumbnail</Transaction>
			<Transaction>NGOISAddDocument</Transaction>
			<Transaction>NGOISAddDocWithVolBlockCreation</Transaction>
			<Transaction>NGOISGetVolBlockListForReplication</Transaction>
			<Transaction>NGOISGetLockedVolBlockList</Transaction>
			<Transaction>NGOISAddSiteForVolReplication</Transaction>
			<Transaction>NGOISChangeDefVolumePath</Transaction>
			<Transaction>NGOISChangeReplicateType</Transaction>
			<Transaction>NGOISChangeVolBlockSize</Transaction>
			<Transaction>NGOISCheckSite</Transaction>
			<Transaction>NGOISCompactVolumeBlock</Transaction>
			<Transaction>NGOISCreateVolBlock</Transaction>
			<Transaction>NGOISCreateVolume</Transaction>
			<Transaction>NGOISCreateVolumeReplica</Transaction>
			<Transaction>NGOISDeleteCreatedVolBlock</Transaction>
			<Transaction>NGOISDeleteDoc</Transaction>
			<Transaction>NGOISDeleteDocumentList</Transaction>
			<Transaction>NGOISDeleteVolBlock</Transaction>
			<Transaction>NGOISDeleteVolume</Transaction>
			<Transaction>NGOISDeleteVolumeFromDB</Transaction>
			<Transaction>NGOISDeleteVolumeReplicaFromDB</Transaction>
			<Transaction>NGOISFinaliseDoc</Transaction>
			<Transaction>NGOISFinaliseVolume</Transaction>
			<Transaction>NGOISGetCompactionReport</Transaction>
			<Transaction>NGOISGetDeleteVolumeInfo</Transaction>
			<Transaction>NGOISGetDeleteVolumeReplicaInfo</Transaction>
			<Transaction>NGOISGetDocForRemoteAccess</Transaction>
			<Transaction>NGOISGetDocSize</Transaction>
			<Transaction>NGOISGetDocument</Transaction>
			<Transaction>NGOISGetMoveVolBlockInfo</Transaction>
			<Transaction>NGOISGetSitesForAllVolumes</Transaction>
			<Transaction>NGOISGetSitesForVolume</Transaction>
			<Transaction>NGOISGetSitesList</Transaction>
			<Transaction>NGOISGetVolBlocksList</Transaction>
			<Transaction>NGOISGetVolumeAttributes</Transaction>
			<Transaction>NGOISGetVolumeId</Transaction>
			<Transaction>NGOISGetVolumeInfo</Transaction>
			<Transaction>NGOISGetVolumeReplicationStatus</Transaction>
			<Transaction>NGOISGetVolumesList</Transaction>
			<Transaction>NGOISMoveVolumeBlock</Transaction>
			<Transaction>NGOISRecoverDoc</Transaction>
			<Transaction>NGOISRecoverSite</Transaction>
			<Transaction>NGOISRecoverVolBlock</Transaction>
			<Transaction>NGOISRegisterSite</Transaction>
			<Transaction>NGOISGetDataReport</Transaction>
			<Transaction>NGOISRenameVolume</Transaction>
			<Transaction>NGOISReplicateDocument</Transaction>
			<Transaction>NGOISReplicateDocWithVolBlockCreation</Transaction>
			<Transaction>NGOISReplicateVolume</Transaction>
			<Transaction>NGOISReplicateVolBlock</Transaction>
			<Transaction>NGOISChangeDefVolumePathExt</Transaction>
			<Transaction>NGOISReplicationReport</Transaction>
			<Transaction>NGOISUNLockObject</Transaction>
			<Transaction>NGOISLockObject</Transaction>
			<Transaction>NGOISSalvageDoc</Transaction>
			<Transaction>NGOISUnRegisterSite</Transaction>
			<Transaction>NGOISChangeSiteProperty</Transaction>
			<Transaction>NGOAddAddressLists</Transaction>
			<Transaction>NGOAddFieldToDataDefinition</Transaction>
			<Transaction>NGOAddMembersToLists</Transaction>
			<Transaction>NGOAuthorizeKeyword</Transaction>
			<Transaction>NGOChangeFormProperty</Transaction>
			<Transaction>NGOCheckinCheckout</Transaction>
			<Transaction>NGOCheckVolume</Transaction>
			<Transaction>NGOCreateActionItem</Transaction>
			<Transaction>NGOCreateUserTable</Transaction>
			<Transaction>NGODefineAliasForKeywords</Transaction>
			<Transaction>NGODeleteAddressLists</Transaction>
			<Transaction>NGODeleteAliasesFromKeyword</Transaction>
			<Transaction>NGODeleteCompany</Transaction>
			<Transaction>NGODeleteDivert</Transaction>
			<Transaction>NGODeleteForm</Transaction>
			<Transaction>NGODeleteGlobalIndex</Transaction>
			<Transaction>NGODeleteGlobalIndexFromDocument</Transaction>
			<Transaction>NGODeleteMembersFromLists</Transaction>
			<Transaction>NGODeleteReminderExt</Transaction>
			<Transaction>NGODeleteServices</Transaction>
			<Transaction>NGODelLinkObjects</Transaction>
			<Transaction>NGODetachDDI</Transaction>
			<Transaction>NGODropUserTable</Transaction>
			<Transaction>NGOFTSGetDocForFTS</Transaction>
			<Transaction>NGOFTSSetFTSDataEx</Transaction>
			<Transaction>NGOGetAddressLists</Transaction>
			<Transaction>NGOGetAliasList</Transaction>
			<Transaction>NGOGetCabinetProperty</Transaction>
			<Transaction>NGOGetCabinetReport</Transaction>
			<Transaction>NGOGetDataDefList</Transaction>
			<Transaction>NGOGetDivert</Transaction>
			<Transaction>NGOGetDocListForFts</Transaction>
			<Transaction>NGOGetDocPageBinData</Transaction>
			<Transaction>NGOGetDocumentList</Transaction>
			<Transaction>NGOGetFolderList</Transaction>
			<Transaction>NGOGetFolderReport</Transaction>
			<Transaction>NGOGetForm</Transaction>
			<Transaction>NGOGetFormList</Transaction>
			<Transaction>NGOGetFTSText</Transaction>
			<Transaction>NGOGetGlobalIndexFromDocument</Transaction>
			<Transaction>NGOGetGlobalIndexProperty</Transaction>
			<Transaction>NGOGetGroupList</Transaction>
			<Transaction>NGOGetGroupsOfUser</Transaction>
			<Transaction>NGOGetMembersOfLists</Transaction>
			<Transaction>NGOGetNextPullPrintDoc</Transaction>
			<Transaction>NGOGetNotesforObject</Transaction>
			<Transaction>NGOGetRoutesInfo</Transaction>
			<Transaction>NGOGetRoutesList</Transaction>
			<Transaction>NGOGetServices</Transaction>
			<Transaction>NGOGetTrackInfo</Transaction>
			<Transaction>NGOGetUserList</Transaction>
			<Transaction>NGOGetUsersOfGroup</Transaction>
			<Transaction>NGOIsDocExistForISIndex</Transaction>
			<Transaction>NGOIsFolderExist</Transaction>
			<Transaction>NGOLinkObjects</Transaction>
			<Transaction>NGOModifyAddressLists</Transaction>
			<Transaction>NGOModifyAnnotation</Transaction>
			<Transaction>NGOModifyAttachment</Transaction>
			<Transaction>NGOModifyFoldDocData</Transaction>
			<Transaction>NGOModifyReminder</Transaction>
			<Transaction>NGOModifyReminderExt</Transaction>
			<Transaction>NGOModifyServices</Transaction>
			<Transaction>NGOMoveDocument</Transaction>
			<Transaction>NGOOperateActionItem</Transaction>
			<Transaction>NGOOperateActionItemExt</Transaction>
			<Transaction>NGOProcessRoutes</Transaction>
			<Transaction>NGOPurgeAuditTrail</Transaction>
			<Transaction>NGORegisterCompany</Transaction>
			<Transaction>NGORegisterForm</Transaction>
			<Transaction>NGORegisterServices</Transaction>
			<Transaction>NGOSearchDocument</Transaction>
			<Transaction>NGOSearchFolderOnDocumentData</Transaction>
			<Transaction>NGOSearchUser</Transaction>
			<Transaction>NGOSetDivert</Transaction>
			<Transaction>NGOSetDocPageBinData</Transaction>
			<Transaction>NGOSetPullPrintDocFlag</Transaction>
			<Transaction>NGOUnregisterUser</Transaction>
			<Transaction>NGOUserSQL</Transaction>
			<Transaction>NGOUserSQLEx</Transaction>
			<Transaction>NGOValidateUserForSession</Transaction>
			<Transaction>NGOAddApplicationInfo</Transaction>
			<Transaction>NGOAddData</Transaction>
			<Transaction>NGOAddKeywordsToAlias</Transaction>
			<Transaction>NGODeleteApplicationInfo</Transaction>
			<Transaction>NGODeleteKeyIndexesFromAlias</Transaction>
			<Transaction>NGODelFieldFromDataDefinition</Transaction>
			<Transaction>NGOFileDocument</Transaction>
			<Transaction>NGOFTSSetFTSData</Transaction>
			<Transaction>NGOGetApplicationInfoList</Transaction>
			<Transaction>NGOGetKeywordsListExt</Transaction>
			<Transaction>NGOInitializeFTS</Transaction>
			<Transaction>NGOIsAdmin</Transaction>
			<Transaction>NGOPostMessage</Transaction>
			<Transaction>NGOSearchText</Transaction>
			<Transaction>NGOGetNameFromId</Transaction>
			<Transaction>NGOIsLatestAnnotation</Transaction>
			<Transaction>NGORegisterAddon</Transaction>
			<Transaction>NGOCanDeleteVolume</Transaction>
			<Transaction>NGODissociateVolume</Transaction>
			<Transaction>NGOIsDocExists</Transaction>
			<Transaction>NGOProcessRoles</Transaction>
			<Transaction>NGOGetRole</Transaction>
			<Transaction>NGOGetRoleList</Transaction>
			<Transaction>NGOGetUsersForRole</Transaction>
			<Transaction>NGOAddUsersToRole</Transaction>
			<Transaction>NGODeleteUsersFromRoles</Transaction>
			<Transaction>NGOGetUsersForGroupAndRole</Transaction>
			<Transaction>NGOSetLogPreferences</Transaction>
			<Transaction>NGOGetLogPreferences</Transaction>
			<Transaction>NGOExportAuditTrail</Transaction>
			<Transaction>NGOSetSystemLogPreferences</Transaction>
			<Transaction>NGOGetSystemLogPreferences</Transaction>
			<Transaction>NGOExportSystemAuditTrail</Transaction>
			<Transaction>NGOUpdateConnection</Transaction>
			<Transaction>NGOGenerateReport</Transaction>
			<Transaction>NGOBlkLoad</Transaction>
			<Transaction>NGOProcessSupervisorAuth</Transaction>
			<Transaction>NGOGetBuildVersion</Transaction>
			<Transaction>NGOSetFTLCheck</Transaction>
			<Transaction>NGOGenerateSummaryReport</Transaction>
			<Transaction>NGOChangeUserPassword</Transaction>
			<Transaction>NGOSetSensitivity</Transaction>
			<Transaction>NGOISGetVersion</Transaction>
			<Transaction>NGOChangePasswordHistoryCount</Transaction>
			<Transaction>NGOGetConfigurationInfoForUsers</Transaction>
			<Transaction>NGOGetUserGroupPrivilegeFlag</Transaction>
			<Transaction>NGOSeparateUserGroupPriviledges</Transaction>
			<Transaction>NGOSetLoggedinAttemptCount</Transaction>
			<Transaction>NGOSetPasswordLength</Transaction>
			<Transaction>NGOSetSpecialCharacterCount</Transaction>
			<Transaction>NGOISDeleteDocFromRemoteSite</Transaction>
			<Transaction>NGOSetWarnTimeForPasswordExpiry</Transaction>
			<Transaction>NGOSetDisableIdleUser</Transaction>
			<Transaction>NGOSetRepeatCharPassword</Transaction>
			<Transaction>NGOProcessRoleGroup</Transaction>
			<Transaction>NGOGetRequests</Transaction>
			<Transaction>NGOProcessUserGroupRequest</Transaction>
			<Transaction>NGOSetPasswdExpiryMailFlag</Transaction>
			<Transaction>NGOGetGroupRoles</Transaction>
			<Transaction>NGOSetMakerChecker</Transaction>
			<Transaction>NGOSearchGroup</Transaction>
			<Transaction>NGOSetLowerCaseCharCount</Transaction>
			<Transaction>NGOSetUpperCaseCharCount</Transaction>
			<Transaction>NGOSetNumericCharacterCount</Transaction>
		</Transactions>
	</Category>
	<Category>
		<CategoryName>DashBoard</CategoryName>
		<AppServerInfo>
			<AppServer>
				<AppServerName>JBoss</AppServerName>
				<LookupName>DBClientServiceHandlerBean</LookupName>
				<URLSuffix></URLSuffix>
			</AppServer>
			<AppServer>
				<AppServerName>Oracle10G</AppServerName>
				<LookupName>DBClientServiceHandlerBean</LookupName>
				<URLSuffix>dashboard_ejb</URLSuffix>
			</AppServer>
			<AppServer>
				<AppServerName>WebSphere</AppServerName>
				<LookupName>DBClientServiceHandlerBean</LookupName>
				<URLSuffix></URLSuffix>
			</AppServer>			
			<AppServer>
				<AppServerName>Sun One</AppServerName>
				<LookupName>DBClientServiceHandlerBean</LookupName>
				<URLSuffix></URLSuffix>
			</AppServer>			
			<AppServer>
				<AppServerName>WebLogic</AppServerName>
				<LookupName>DBClientServiceHandlerBean</LookupName>
				<URLSuffix></URLSuffix>
			</AppServer>			
			<AppServer>
				<AppServerName>JTS</AppServerName>
				<LookupName>DBClientServiceHandlerBean</LookupName>
				<URLSuffix></URLSuffix>
			</AppServer>			
		</AppServerInfo>		
		<ServiceHandlerHome>com.newgen.omni.jts.txn.DBClientServiceHandlerHome</ServiceHandlerHome>
		<ServiceHandlerRemote>com.newgen.omni.jts.txn.DBClientServiceHandler</ServiceHandlerRemote>
		<Transactions>
			<Transaction>WMListUserReports</Transaction>
			<Transaction>WMRegisterReports</Transaction>
			<Transaction>WMDemoReportData</Transaction>
			<Transaction>WMProcessDefn</Transaction>
			<Transaction>WMPendingWIAtProcess</Transaction>
			<Transaction>WMWIStatusAtWS</Transaction>
			<Transaction>WMSetADBPreferences</Transaction>
			<Transaction>WMGetADBPreferences</Transaction>
			<Transaction>WMReportDefinition</Transaction>
			<Transaction>Vertical3DBarChart</Transaction>
			<Transaction>AvgProcessingTimeWS</Transaction>
			<Transaction>DummyReport</Transaction>
			<Transaction>PendingWorkItemsAtWorkStep</Transaction>
			<Transaction>ProcessedWorkItemsOfUsers</Transaction>
			<Transaction>ProcessWindow</Transaction>
			<Transaction>ProcessingTimeDeviation</Transaction>
			<Transaction>WorkItemStatusAtWorkStep</Transaction>
			<Transaction>PendingWorkItemsAtQueue</Transaction>
			<Transaction>ProcessingRateAtQueue</Transaction>
			<Transaction>ProcessingRateAtProcess</Transaction>
			<Transaction>WorkDoneByUser</Transaction>
			<Transaction>ExceptionMonitoringInProcess</Transaction>
		</Transactions>
	</Category>
	<Category>
		<CategoryName>OmniDocsAdmin</CategoryName>
		<AppServerInfo>
			<AppServer>
				<AppServerName>JBossEAP</AppServerName>
				<LookupName>ejb:omnidocs_ejb/omnidocs_ejb/NGOAdminServiceHandlerBean!com.newgen.omni.jts.txn.NGOAdminServiceHandlerHome</LookupName>
				<URLSuffix></URLSuffix>
			</AppServer>
			<AppServer>
				<AppServerName>JBoss</AppServerName>
				<LookupName>com.newgen.omni.jts.txn.NGOAdminServiceHandlerHome</LookupName>
				<URLSuffix></URLSuffix>
			</AppServer>
			<AppServer>
				<AppServerName>Oracle10G</AppServerName>
				<LookupName>com.newgen.omni.jts.txn.NGOAdminServiceHandlerHome</LookupName>
				<URLSuffix></URLSuffix>
			</AppServer>
			<AppServer>
				<AppServerName>WebSphere</AppServerName>
				<LookupName>com\.newgen\.omni\.jts\.txn\.NGOAdminServiceHandlerHome</LookupName>
				<URLSuffix></URLSuffix>
			</AppServer>			
			<AppServer>
				<AppServerName>Sun One</AppServerName>
				<LookupName>com.newgen.omni.jts.txn.NGOAdminServiceHandlerHome</LookupName>
				<URLSuffix></URLSuffix>
			</AppServer>			
			<AppServer>
				<AppServerName>WebLogic</AppServerName>
				<LookupName>com.newgen.omni.jts.txn.NGOAdminServiceHandlerHome</LookupName>
				<URLSuffix></URLSuffix>
			</AppServer>			
			<AppServer>
				<AppServerName>JTS</AppServerName>
				<LookupName>com.newgen.omni.jts.txn.NGOAdminServiceHandlerHome</LookupName>
				<URLSuffix></URLSuffix>
			</AppServer>			
		</AppServerInfo>		
		<ServiceHandlerHome>com.newgen.omni.jts.txn.NGOAdminServiceHandlerHome</ServiceHandlerHome>
		<ServiceHandlerRemote>com.newgen.omni.jts.txn.NGOAdminServiceHandler</ServiceHandlerRemote>
	</Category>
	<Category>
		<CategoryName>WFCustom</CategoryName>
		<AppServerInfo>
			<AppServer>
				<AppServerName>JBoss</AppServerName>
				<LookupName>WFCustomClientServiceHandlerBean</LookupName>
				<URLSuffix></URLSuffix>
			</AppServer>
			<AppServer>
				<AppServerName>JBossEAP</AppServerName>
				<LookupName>ejb:/wfcustom_ejb/WFCustomClientServiceHandlerBean!com.newgen.omni.jts.txn.WFCustomClientServiceHandlerHome</LookupName>
				<URLSuffix></URLSuffix>
			</AppServer>
			<AppServer>
				<AppServerName>Oracle10G</AppServerName>
				<LookupName>WFCustomClientServiceHandlerBean</LookupName>
				<URLSuffix>wfcustom_ejb</URLSuffix>
			</AppServer>
			<AppServer>
				<AppServerName>WebSphere</AppServerName>
				<LookupName>WFCustomClientServiceHandlerBean</LookupName>
				<URLSuffix></URLSuffix>
			</AppServer>			
			<AppServer>
				<AppServerName>Sun One</AppServerName>
				<LookupName>WFCustomClientServiceHandlerBean</LookupName>
				<URLSuffix></URLSuffix>
			</AppServer>			
			<AppServer>
				<AppServerName>WebLogic</AppServerName>
				<LookupName>WFCustomClientServiceHandlerBean</LookupName>
				<URLSuffix></URLSuffix>
			</AppServer>			
			<AppServer>
				<AppServerName>JTS</AppServerName>
				<LookupName>WFCustomClientServiceHandlerBean</LookupName>
				<URLSuffix></URLSuffix>
			</AppServer>			
		</AppServerInfo>				
		<ServiceHandlerHome>com.newgen.omni.jts.txn.WFCustomClientServiceHandlerHome</ServiceHandlerHome>
		<ServiceHandlerRemote>com.newgen.omni.jts.txn.WFCustomClientServiceHandlerRemote</ServiceHandlerRemote>
	</Category>
	<Category>
		<CategoryName>BAM</CategoryName>
		<AppServerInfo>
			<AppServer>
				<AppServerName>JBoss</AppServerName>
				<LookupName>BAMClientServiceHandlerBean</LookupName>
				<URLSuffix></URLSuffix>
			</AppServer>
			<AppServer>
				<AppServerName>Oracle10G</AppServerName>
				<LookupName>BAMClientServiceHandlerBean</LookupName>
				<URLSuffix>reportingsolution_ejb</URLSuffix>
			</AppServer>
			<AppServer>
				<AppServerName>WebSphere</AppServerName>
				<LookupName>BAMClientServiceHandlerBean</LookupName>
				<URLSuffix></URLSuffix>
			</AppServer>			
			<AppServer>
				<AppServerName>Sun One</AppServerName>
				<LookupName>BAMClientServiceHandlerBean</LookupName>
				<URLSuffix></URLSuffix>
			</AppServer>			
			<AppServer>
				<AppServerName>WebLogic</AppServerName>
				<LookupName>BAMClientServiceHandlerBean</LookupName>
				<URLSuffix></URLSuffix>
			</AppServer>			
			<AppServer>
				<AppServerName>JTS</AppServerName>
				<LookupName>BAMClientServiceHandlerBean</LookupName>
				<URLSuffix></URLSuffix>
			</AppServer>			
		</AppServerInfo>				
		<ServiceHandlerHome>com.newgen.omni.jts.txn.BAMClientServiceHandlerHome</ServiceHandlerHome>
		<ServiceHandlerRemote>com.newgen.omni.jts.txn.BAMClientServiceHandler</ServiceHandlerRemote>
		<Transactions>
			<Transaction>Sample</Transaction>
			<Transaction>BAMGetSelectedReportsList</Transaction>
			<Transaction>BAMSetSelectedReportsList</Transaction>
			<Transaction>BAMSetReportProperties</Transaction>
			<Transaction>BAMGetReportProperties</Transaction>
			<Transaction>BAMGetAlertPreferencesList</Transaction>
			<Transaction>BAMDeleteAlertPref</Transaction>
			<Transaction>BAMGetAlertPreference</Transaction>
			<Transaction>BAMAddAlertPreference</Transaction>
		</Transactions>
	</Category>
	<Category>
		<CategoryName>TIMER</CategoryName>
		<AppServerInfo>
			<AppServer>
				<AppServerName>JBossEAP</AppServerName>
				<LookupName>ejb:/wfs_timer_ejb/WFTimerClientServiceHandlerBean!com.newgen.omni.jts.txn.WFTimerClientServiceHandlerHome</LookupName>
				<URLSuffix></URLSuffix>
			</AppServer>
			<AppServer>
				<AppServerName>JBoss</AppServerName>
				<LookupName>WFTimerClientServiceHandlerBean</LookupName>
				<URLSuffix></URLSuffix>
			</AppServer>
			<AppServer>
				<AppServerName>Oracle10G</AppServerName>
				<LookupName>WFTimerClientServiceHandlerBean</LookupName>
				<URLSuffix>wfs_timer_ejb</URLSuffix>
			</AppServer>
			<AppServer>
				<AppServerName>WebSphere</AppServerName>
				<LookupName>WFTimerClientServiceHandlerBean</LookupName>
				<URLSuffix></URLSuffix>
			</AppServer>			
			<AppServer>
				<AppServerName>Sun One</AppServerName>
				<LookupName>WFTimerClientServiceHandlerBean</LookupName>
				<URLSuffix></URLSuffix>
			</AppServer>			
			<AppServer>
				<AppServerName>WebLogic</AppServerName>
				<LookupName>WFTimerClientServiceHandlerBean</LookupName>
				<URLSuffix></URLSuffix>
			</AppServer>			
			<AppServer>
				<AppServerName>JTS</AppServerName>
				<LookupName>WFTimerClientServiceHandlerBean</LookupName>
				<URLSuffix></URLSuffix>
			</AppServer>			
		</AppServerInfo>				
		<ServiceHandlerHome>com.newgen.omni.jts.txn.WFTimerClientServiceHandlerHome</ServiceHandlerHome>
		<ServiceHandlerRemote>com.newgen.omni.jts.txn.WFTimerClientServiceHandlerRemote</ServiceHandlerRemote>
		<Transactions>			
			<Transaction>WFStartSystemService</Transaction>
			<Transaction>WFStopSystemService</Transaction>
			<Transaction>WFGetServiceStatus</Transaction>
			<Transaction>WFSetServiceStatus</Transaction>
			<Transaction>WFGetServicesStatusForMonitor</Transaction>
		</Transactions>
	</Category>
</Categories>